county,city,school
New York,Troy,HUDSON VALLEY CMTY COLLEGE
Ohio,Toledo,UNIVERSITY OF TOLEDO
Montana,Missoula,UNIV MONTANA
Pennsylvania,Lewisburg,BUCKNELL UNIVERSITY
Alameda,Fremont,OHLONE COLLEGE
Illinois,Grayslake,COLL LAKE COUNTY
Indiana,Vincennes,VINCENNES UNIVERSITY
Oregon,Salem,WILLAMETTE UNIVERSITY
Monterey,Seaside,CSU MONTEREY BAY
Colorado,Denver,METROPOLITAN STATE UNIV DENVER
Georgia,Atlanta,MOREHOUSE COLLEGE
Connecticut,"",CONNECTICUT
Nevada,Las Vegas,UNIV NEVADA LAS VEGAS
Texas,The Woodlan,LONE STAR COLLEGE
Kern,Taft,TAFT COLLEGE
Pennsylvania,Philadephia,DREXEL UNIVERSITY
Virginia,Blacksburg,VIRGINIA TECH
Oregon,Eugene,UNIV OREGON
Utah,Provo,BRIGHAM YOUNG UNIVERSITY
Massachusetts,Chestnut Hl,BOSTON COLLEGE
Arizona,Tucson,UNIVERSITY OF ARIZONA
Michigan,Ann Arbor,WASHTENAW COMMUNITY COLLEGE
Massachusetts,Boston,BOSTON UNIVERSITY
Butte,Oroville,BUTTE COLLEGE
Florida,Gainesville,UNIV FLORIDA
Pennsylvania,Wayne,VALLEY FORGE MIL ACAD & COLL
New Jersey,Toms River,OCEAN COUNTY COLLEGE
New York,Flushing,CUNY QUEENSBOROUGH CC
San Luis Obispo,Snluis Obsp,CUESTA COLLEGE
Santa Barbara,Santa Barbara,UC SANTA BARBARA
PHILIPPINES,N/A,GRACE CHRISTIAN COLLEGE
Sacramento,Folsom,FOLSOM LAKE COLLEGE
Colorado,Greeley,UNIVERSITY NORTHERN COLORADO
New York,New York,PACE UNIV NEW YORK CITY
Los Angeles,Walnut,MOUNT SAN ANTONIO COLLEGE
Los Angeles,Los Angeles,LOYOLA MARYMOUNT UNIVERSITY
Santa Clara,Santa Clara,MISSION COLLEGE
Merced,Merced,MERCED COLLEGE
ISRAEL,N/A,HEBREW UNIV DEGREE PROGRAMS
Pennsylvania,Bryn Mawr,BRYN MAWR COLLEGE
Los Angeles,Azusa,AZUSA PACIFIC UNIVERSITY
Santa Clara,San Jose,EVERGREEN VALLEY COLLEGE
Connecticut,Hartford,TRINITY COLLEGE CONNECTICUT
Los Angeles,Los Angeles,LOS ANGELES TRADE-TECH COLLEGE
San Bernardino,San Bernardino,SAN BERNARDINO VALLEY COLLEGE
Pennsylvania,Phildelphia,UNIV PENNSYLVANIA UNDRGRD ADM
Alameda,Hayward,CSU EAST BAY
Los Angeles,Glendora,CITRUS COLLEGE
Arizona,Glendale,GLENDALE COMMUNITY COLLEGE
Texas,Killeen,CENTRAL TEXAS COLLEGE
District of Columbia,Washington,AMERICAN UNIVERSITY DC THE
Orange,Orange,CHAPMAN UNIVERSITY
Kern,Ridgecrest,CERRO COSO COMMUNITY COLLEGE
Los Angeles,Los Angeles,UC LOS ANGELES (UCLA)
Kern,Bakersfield,CSU BAKERSFIELD
Los Angeles,Sylmar,LOS ANGELES MISSION COLLEGE
Rhode Island,Providence,BROWN UNIVERSITY
Orange,Orange,SANTIAGO CANYON COLLEGE
EGYPT,N/A,"INST IN CENTRAL ASIA, MID,NEAR EAST"
Texas,Dallas,SOUTHRN METHODIST UNIVERSITY
Napa,Napa,NAPA VALLEY COLLEGE
Los Angeles,Los Angeles,LOS ANGELES CITY COLLEGE
Los Angeles,Pomona,CAL POLY POMONA
Orange,Irvine,CONCORDIA UNIVERSITY CA
Minnesota,Northfield,CARLETON COLLEGE
San Diego,La Jolla,UC SAN DIEGO
Massachusetts,Wellesley,WELLESLEY COLLEGE
District of Columbia,Washington,GEORGE WASHINGTON UNIVERSITY
Texas,"",TEXAS
New York,Binghamton,SUNY BINGHAMTON
Stanislaus,Modesto,MODESTO JUNIOR COLLEGE
Virginia,Alexandria,NORTHRN VIRG CC ALEX
Los Angeles,Los Angeles,UNIV SOUTHERN CALIFORNIA
Texas,Lubbock,TEXAS TECH UNIVERSITY
Massachusetts,Boston,NORTHEASTERN UNIVERSITY
San Francisco,San Francisco,UNIV SAN FRANCISCO
San Diego,El Cajon,GROSSMONT CMTY COLLEGE
Orange,Cypress,CYPRESS COLLEGE
San Bernardino,San Bernardino,CSU SAN BERNARDINO
Orange,Fullerton,FULLERTON COLLEGE
Arizona,Prescott,YAVAPAI COLLEGE
Texas,Denton,UNIV NORTH TEXAS
Connecticut,Storrs,UNIV OF CONNECTICUT
Los Angeles,Rancho Palos Ver,MARYMOUNT COLLEGE CA
Illinois,Glen Ellyn,COLLEGE OF DUPAGE
Illinois,Evanston,NORTHWSTRN UNIVERSITY
Guam,Mangilao,UNIV GUAM
Alameda,Hayward,CHABOT COLLEGE
Colorado,Westminster,FRONT RANGE CMTY COLLEGE
Arizona,Tempe,ARIZONA STATE UNIV
District of Columbia,Washington,HOWARD UNIVERSITY
New York,Garden City,NASSAU CMTY COLLEGE
Kentucky,Lexington,UNIV KENTUCKY LEXINGTON
Ohio,Oxford,MIAMI UNIVERSITY
Massachusetts,Cambridge,MASS INSTITUTE TECHNOLOGY
Texas,Houston,UNIV HOUSTON MAIN CAMPUS
Alameda,Oakland,HOLY NAMES UNIVERSITY
Alameda,Berkeley,UC BERKELEY
New York,Valhalla,WESTCHESTER COMMUNITY COLLEGE
Marin,Novato,COLLEGE OF MARIN
"CHINA, PEOPLES REPUBLIC",N/A,INSTITUTION IN THE FAR EAST
San Mateo,Belmont,NOTRE DAME DE NAMUR UNIV
Idaho,Moscow,UNIVERSITY OF IDAHO
RUSSIA,N/A,RUSSIA
Georgia,Dunwoody,GEORGIA PERIMETER COLLEGE DUN
Utah,Cedar City,SOUTHERN UTAH UNIVERSITY
New York,Poughkeepsi,VASSAR COLLEGE
Hawaii,"",HAWAII
Los Angeles,Los Angeles,UC LOS ANGELES EXTENSION
Oregon,Corvallis,OREGON STATE UNIVERSITY
Los Angeles,Pasadena,PASADENA CITY COLLEGE
Maryland,"",MARYLAND
New Jersey,Hoboken,STEVENS INST TECH
New York,Anndle Hdsn,BARD COLLEGE
Massachusetts,Boston,EMERSON COLLEGE
Ohio,Athens,OHIO UNIV ATHENS
Solano,Suisun City,SOLANO COMMUNITY COLLEGE
San Diego,San Marcos,PALOMAR COLLEGE
Los Angeles,Whittier,WHITTIER COLLEGE
Los Angeles,Woodlnd Hls,LOS ANGELES PIERCE COLLEGE
New York,New York,MARYMOUNT MANHATTAN COLLEGE
Massachusetts,S Hadley,MOUNT HOLYOKE COLLEGE
Santa Clara,Stanford,STANFORD UNIVERSITY
Yolo,Davis,UC DAVIS EXTENSION
Oregon,Ashland,SOUTHRN OREGON UNIVERSITY
Plumas,Quincy,FEATHER RIVER COLLEGE
New York,New York,CUNY THE CITY COLLEGE OF NY
Tulare,Porterville,PORTERVILLE COLLEGE
Riverside,Riverside,CALIF BAPTIST UNIVERSITY
Hawaii,Honolulu,KAPIOLANI COMMUNITY COLLEGE
Los Angeles,Rancho Palos Verdes,MARYMOUNT COLLEGE CA
San Francisco,San Francisco,CALIF COLL OF THE ARTS
Pennsylvania,Pittsburgh,UNIV PITTSBURGH PITTSBURGH
Illinois,Palos Hills,MORAINE VALLEY CMTY COLLEGE
ENGLAND,N/A,ENGLAND
Florida,Orlando,UNIV CENTRAL FLORIDA
Los Angeles,Van Nuys,LOS ANGELES VALLEY COLLEGE
Maryland,Apo,UNIV MARYLAND MANNHEIM CAMPUS
Maryland,Rockville,MONTGOMERY COLL ROCKVILLE
Pennsylvania,Univ Park,PENNSYLVANIA STATE UNIVERSITY
EGYPT,N/A,EGYPT
Santa Barbara,Snta Barbra,WESTMONT COLLEGE
Maryland,Annapolis,UNITED STATES NAVAL ACADEMY
Los Angeles,Santa Monica,SANTA MONICA COLLEGE
Massachusetts,Boston,BUNKER HILL CMTY COLLEGE
Michigan,E Lansing,MICHIGAN STATE UNIVERSITY
North Carolina,Greensboro,UNIV NORTH CAROLINA GREENSBORO
New Hampshire,Manchester,NOTRE DAME COLL NH
Florida,Gainesville,SANTA FE COLLEGE FLORIDA
Virginia,Sterling,NORTHERN VIRGINIA COMM COLG
Texas,Houston,HOUSTON COMMUNITY COLLEGE
Imperial,Imperial,IMPERIAL VALLEY COLLEGE
San Diego,San Diego,ALLIANT INTL UNIV SAN DIEGO
Marin,San Rafael,DOMINICAN UNIVERSITY CA
Santa Barbara,Santa Barbara,SANTA BARBARA CITY COLLEGE
Los Angeles,Valencia,COLLEGE OF THE CANYONS
Alaska,Anchorage,UNIVERSITY OF AK ANCHORAGE
Connecticut,New Haven,YALE UNIVERSITY
Kansas,Lawrence,UNIVERSITY OF KANSAS
Los Angeles,Glendale,GLENDALE COMMUNITY COLLEGE
Los Angeles,Malibu,PEPPERDINE UNIVERSITY
Alameda,Livermore,LAS POSITAS CMTY COLLEGE
Monterey,Monterey,MONTEREY PENINSULA COLLEGE
Idaho,Coeur D Aln,NORTH IDAHO COLLEGE
Illinois,Chicago,ILLINOIS INSTITUTE TECH
Washington,Olympia,EVERGREEN STATE COLLEGE
Washington,Bremerton,OLYMPIC COLLEGE
Missouri,Columbia,UNIV MISSOURI COLUMBIA
New Jersey,Somerville,RARITAN VALLEY CMTY COLLEGE
Washington,Tacoma,PIERCE COLLEGE
Utah,"",UTAH
Vermont,Middlebury,MIDDLEBURY COLLEGE
San Diego,San Diego,UNIV SAN DIEGO
San Luis Obispo,San Luis Obispo,CAL POLY SAN LUIS OBISPO
Florida,"",FLORIDA
Ventura,Thousand Oaks,CALIF LUTHERAN UNIVERSITY
Ventura,Thousand Ok,CALIF LUTHERAN UNIVERSITY
Fresno,Fresno,FRESNO CITY COLLEGE
Utah,Logan,UTAH STATE UNIVERSITY
Ohio,Columbus,OHIO STATE UNIV COLUMBUS
New York,New York,CUNY BARUCH COLLEGE
Los Angeles,La Mirada,BIOLA UNIVERSITY
San Bernardino,Rancho Cucamonga,CHAFFEY COLLEGE
Arizona,Tucson,PIMA CMTY COLLEGE
Washington,Tacoma,UNIVERSITY OF PUGET SOUND
Washington,Des Moines,HIGHLINE COMMUNITY COLLEGE
Fresno,Reedley,REEDLEY COLLEGE
Kansas,Overland Park,JOHNSON COUNTY COMMUNITY COLL
Colorado,Colordo Spg,COLORADO COLLEGE
Florida,Lake Worth,PALM BEACH STATE COLLEGE
Massachusetts,Amherst,UNIV MASS AMHERST
Orange,Fullerton,CSU FULLERTON
Siskiyou,Weed,COLLEGE OF THE SISKIYOUS
Connecticut,Middletown,WESLEYAN UNIVERSITY
New York,Hempstead,HOFSTRA UNIVERSITY
Washington,Bellingham,WHATCOM CMTY COLLEGE
Wisconsin,"",WISCONSIN
Illinois,Palatine,WILLIAM R HARPER COLLEGE
San Bernardino,Rnch Cmnga,CHAFFEY COLLEGE
San Diego,San Diego,SAN DIEGO CITY COLLEGE
San Mateo,San Bruno,SKYLINE COLLEGE
New York,Albany,SUNY CENTER AT ALBANY
Tennessee,Nashville,VANDERBILT UNIVERSITY
San Diego,La Jolla,UC SAN DIEGO EXTENSION
Ohio,Dayton,UNIVERSITY OF DAYTON
Ohio,Oberlin,OBERLIN COLG AND CONSERVATORY
Orange,Irvine,UC IRVINE EXTENSION
Connecticut,Southington,NEW ENGLAND BAPTIST COLLEGE
Louisiana,New Orleans,TULANE UNIVERSITY
Texas,San Antonio,UNIV TEXAS SAN ANTONIO
New York,Long Is Cty,CUNY LAGUARDIA COMMUNITY COLL
Florida,Miami,FLORIDA INTERNATIONAL UNIV
Oregon,Portland,LEWIS CLARK COLLEGE
Pennsylvania,Phildelphia,TEMPLE UNIVERSITY
Washington,Walla Walla,WHITMAN COLLEGE
Virginia,"",VIRGINIA
Texas,Ft Worth,TEXAS CHRISTIAN UNIVERSITY
San Diego,San Diego,SAN DIEGO MESA COLLEGE
Kern,Bakersfield,BAKERSFIELD COLLEGE
San Mateo,Redwood City,CANADA COLLEGE
Marin,Kentfield,COLLEGE OF MARIN
Orange,Fountain Valley,COASTLINE CMTY COLLEGE
Los Angeles,Monterey Park,EAST LOS ANGELES COLLEGE
Los Angeles,Culver City,WEST LOS ANGELES COLLEGE
Washington,Tacoma,TACOMA COMMUNITY COLLEGE
Utah,Salt Lk Cty,UNIV UTAH
El Dorado,So. Lake Tahoe,LAKE TAHOE COMMUNITY COLLEGE
San Bernardino,Sn Bernrdno,CSU SAN BERNARDINO
New York,Rochester,UNIV ROCHESTER
Santa Barbara,Santa Barbara,UC SANTA BARBARA SUMMER SESSION
Maine,Waterville,COLBY COLLEGE
Massachusetts,Worcester,QUINSIGAMOND CMTY COLLEGE
Orange,Irvine,IRVINE VALLEY COLLEGE
Utah,Salt Lk Cty,SALT LAKE CMTY COLLEGE
Los Angeles,Compton,COMPTON COLLEGE
Arizona,Phoenix,UNIV OF PHOENIX
Colorado,Golden,COLORADO SCHOOL MINES
Riverside,Palm Desert,COLLEGE OF THE DESERT
Virginia,Annandale,NORTHRN VIRGINIA CC ANNANDALE
San Diego,San Diego,SAN DIEGO STATE UNIVERSITY
El Dorado,South Lake Tahoe,LAKE TAHOE COMMUNITY COLLEGE
Washington,Bellevue,BELLEVUE CMTY COLLEGE
Florida,Tampa,UNIV SOUTH FLORIDA
Washington,"",WASHINGTON
Washington,Seattle,SOUTH SEATTLE CMTY COLLEGE
Washington,Auburn,GREEN RIVER COLLEGE
Illinois,Champaign,PARKLAND COLLEGE
Illinois,"",ILLINOIS
Texas,Austin,UNIV TEXAS AUSTIN
San Francisco,San Francisco,CITY COLLEGE SAN FRANCISCO
Virginia,Manassas,AMERICAN PUBLIC UNIV SYSTEM
Iowa,Ames,IOWA STATE UNIVERSITY
Washington,Lakewood,PIERCE COLLEGE
Pennsylvania,Blue Bell,MONTGOMERY COUNTY CMNTY COLG
Indiana,Bloomington,INDIANA UNIV BLOOMINGTON
New York,Ithaca,ITHACA COLLEGE
Pennsylvania,"",PENNSYLVANIA
Orange,Huntngtn Bh,GOLDEN WEST COLLEGE
Kansas,Overland Pk,JOHNSON COUNTY COMMUNITY COLL
Pennsylvania,Phila,UNIV PENNSYLVANIA UNDRGRD ADM
Alameda,Oakland,MERRITT COLLEGE
Tuolumne,Sonora,COLUMBIA COLLEGE
Santa Clara,Saratoga,WEST VALLEY COLLEGE
Riverside,Riverside,LA SIERRA UNIVERSITY
Orange,Costa Mesa,ORANGE COAST COLLEGE
Colorado,Colo Spgs,UNITED STATES AIR FORCE ACAD
New York,Rochester,MONROE COMMUNITY COLLEGE
Colorado,Boulder,UNIV COLORADO BOULDER
San Joaquin,Stockton,UNIVERSITY OF THE PACIFIC
Hawaii,Hilo,UNIV HAWAII AT HILO
Nevada,"",NEVADA
Los Angeles,Woodland Hills,LOS ANGELES PIERCE COLLEGE
West Virginia,Morgantown,WEST VIRGINIA UNIV
Riverside,Norco,NORCO COLLEGE
Delaware,Newark,UNIV DELAWARE
Los Angeles,La Verne,UNIV LA VERNE
Maryland,College Pk,UNIV OF MARYLAND
Maryland,Adelphi,UNIV MARYLAND UNIV COLLEGE
Colorado,Ft Collins,COLORADO STATE UNIV FT COLLINS
North Carolina,Charlotte,UNIV NORTH CAROLINA CHARLOTTE
Washington,Spokane,GONZAGA UNIVERSITY
Florida,Daytona Bch,EMBRY-RIDDLE AERON U FLORIDA
AUSTRALIA,N/A,INSTITUTION-AUSTRALIA/NEW ZEALAND
Lassen,Susanville,LASSEN COLLEGE
Pennsylvania,Phila,COMMUNITY COLG OF PHILADELPHIA
Texas,Austin,AUSTIN COMMUNITY COLL-TEXAS
North Carolina,Wilmington,UNIV NORTH CAROLINA WILMINGTON
Sonoma,Rohnert Park,SONOMA STATE UNIV SUMMER SESSION
Alameda,Berkeley,UC BERKELEY EXTENSION
Los Angeles,Los Angeles,LOS ANGELES SOUTHWEST COLLEGE
Stanislaus,Turlock,CSU STANISLAUS
Hawaii,Honolulu,CHAMINADE UNIV OF HONOLULU
Alabama,Tuscaloosa,UNIVERSITY ALABAMA TUSCALOOSA
New York,Purchase,SUNY PURCHASE COLLEGE
CANADA,N/A,UNIVERSITY OF TORONTO
New Jersey,Lincroft,BROOKDALE COMMUNITY COLLEGE
Humboldt,Eureka,COLLEGE OF THE REDWOODS
Pennsylvania,Hershey,PENN STATE U HERSHEY
Pennsylvania,Pittsburgh,CARNEGIE MELLON UNIVERSITY
Oregon,Forest Grv,PACIFIC UNIVERSITY
New Jersey,Piscataway,RUTGERS UNIVERSITY
New Mexico,Albuquerque,UNIV NEW MEXICO ALBUQUERQUE
Texas,Dallas,RICHLAND COLLEGE
Illinois,Palos Heights,MORAINE VALLEY CMTY COLLEGE
New York,Bronx,FORDHAM UNIVERSITY
MEXICO,N/A,"INSTITUTION-MEXICO, LATIN AM, S. AM"
Yolo,Woodland,WOODLAND COMMUNITY COLLEGE
Oregon,Portland,PORTLAND STATE UNIVERSITY
Los Angeles,Los Angeles,FASHION INST DSGN MERCH LOS A
New Jersey,Edison,MIDDLESEX COUNTY COLLEGE
JAPAN,N/A,INTRNATL CHRISTIAN UNIV JAPAN
Contra Costa,Pleasant Hill,DIABLO VALLEY COLLEGE
San Diego,San Diego,SAN DIEGO MIRAMAR COLLEGE
Louisiana,Baton Rouge,LOUISIANA ST UNIV BATON ROUGE
Wyoming,Laramie,UNIV WYOMING
Michigan,Ann Arbor,UNIV MICHIGAN ANN ARBOR
Oklahoma,Norman,UNIV OF OKLAHOMA
Ventura,Oxnard,OXNARD COLLEGE
San Diego,El Cajon,CUYAMACA COLLEGE
Ohio,Dayton,WRIGHT STATE UNIVERSITY DAYTN
Wisconsin,Milwaukee,UNIVERSITY OF WI MILWAUKEE
New York,New York,EUGENE LANG NEW SCHL LIB ARTS
Pennsylvania,Phila,DREXEL UNIVERSITY
Santa Clara,Cupertino,DE ANZA COLLEGE
Los Angeles,Claremont,SCRIPPS COLLEGE
Los Angeles,Los Angeles,OCCIDENTAL COLLEGE
San Bernardino,Victorville,VICTOR VALLEY COLLEGE
Maryland,Baltimore,JOHNS HOPKINS U UNDERGRAD ADM
Texas,College Sta,TEXAS A&M UNIV COLLEGE STA
Kansas,Wichita,WICHITA STATE UNIVERSITY
Colorado,Colordo Spg,UNIV COLORADO COLORADO SPGS
Oregon,"",OREGON
Rhode Island,Kingston,UNIV RHODE ISLAND
San Mateo,Atherton,MENLO COLLEGE
Los Angeles,Los Angeles,AMERICAN JEWISH UNIV
Riverside,Riverside,UC RIVERSIDE
Riverside,Riverside,UC RIVERSIDE EXTENSION
Yuba,Marysville,YUBA COLLEGE
Inyo,Deep Springs,DEEP SPRINGS COLL
Tuolumne,Columbia,COLUMBIA COLLEGE
New York,New York,COLUMBIA UNIV UNDERGRAD ADM
Oregon,Portland,UNIV PORTLAND
GERMANY,N/A,GERMANY
Oregon,Portland,REED COLLEGE
Sacramento,Sacramento,SACRAMENTO CITY COLLEGE
Sonoma,Santa Rosa,SANTA ROSA JUNIOR COLLEGE
Indiana,W Lafayette,PURDUE UNIV WEST LAFAYETTE
New York,"",NEW YORK
Oregon,Bend,CENTRAL OREGON COMMUNITY COLG
Texas,Waco,BAYLOR UNIVERSITY
Pennsylvania,Phila,TEMPLE UNIVERSITY
Ohio,Columbus,COLUMBUS STATE CMTY COLLEGE
New Mexico,Roswell,NEW MEXICO MILITARY INSTITUTE
Colorado,Colordo Spg,PIKES PEAK CMTY COLLEGE
Los Angeles,Santa Clarita,COLLEGE OF THE CANYONS
Michigan,"",MICHIGAN
Oregon,Eugene,LANE CMTY COLLEGE
Los Angeles,Torrance,EL CAMINO COLLEGE
Contra Costa,Pittsburg,LOS MEDANOS COLLEGE
Alabama,Auburn Univ,AUBURN UNIVERSITY
Kings,Lemoore,WEST HILLS COLLEGE LEMOORE
Texas,El Paso,EL PASO CMTY COLLEGE TX
Kansas,Manhattan,KANSAS ST UNIV MANHATTAN
New York,Jamaica,ST JOHNS UNIV JAMAICA
North Carolina,Winston-slm,WAKE FOREST UNIVERSITY
Santa Barbara,Santa Barbara,UC SANTA BARBARA EXTENSION
Virginia,Fairfax,GEORGE MASON UNIVERSITY
UNITED ARAB EMIRATES,N/A,UNITED ARAB EMIRATES
Arizona,Scottsdale,SCOTTSDALE CMTY COLL
Washington,Seattle,SEATTLE CENTRAL COMMUNITY COLL
Washington,Vancouver,CLARK COLLEGE WA
Los Angeles,Long Beach,CALIFORNIA STATE UNIV MENTOR
Santa Clara,San Jose,SAN JOSE CITY COLLEGE
New York,West Point,UNITED STATES MILITARY ACADEMY
New York,Utica,NOTRE DAME JUNIOR-SENIOR HS
Riverside,Moreno Valley,MORENO VALLEY COLLEGE
Illinois,Urbana,UNIV ILLINOIS URBANA
Orange,Mission Vjo,SADDLEBACK COLLEGE
Santa Cruz,Santa Cruz,UC SANTA CRUZ EXTENSION
Alameda,Oakland,LANEY COLLEGE
Ohio,Cincinnati,UNIV CINCINNATI
Alameda,Alameda,COLLEGE OF ALAMEDA
Arizona,Phoenix,UNIV PHOENIX
Nevada,Dyer,DEEP SPRINGS COLLEGE
New York,Syracuse,SYRACUSE UNIVERSITY
New York,Stony Brook,STONY BROOK UNIVERSITY SUNY
San Francisco,San Francisco,ACADEMY OF ART UNIVERSITY
Washington,Olympia,SOUTH PUGET SOUND CC
Los Angeles,Rncho Pl Vd,MARYMOUNT COLLEGE CA
Florida,Tampa,UNIVERSITY OF TAMPA
Los Angeles,Lancaster,ANTELOPE VALLEY COLLEGE
Monterey,Monterey,DEFENSE LANG INST
Massachusetts,Northampton,SMITH COLLEGE
New York,Suffern,ROCKLAND COMMUNITY COLLEGE
New Mexico,"",NEW MEXICO
Sacramento,Sacramento,COSUMNES RIVER COLLEGE
Minnesota,Minneapolis,UNIV MINNESOTA MINNEAPOLIS
Minnesota,Northfield,SAINT OLAF COLLEGE
Illinois,Chicago,HAROLD WASHINGTON COLG (LOOP)
District of Columbia,Washington,GEORGETOWN UNIV
Wisconsin,Madison,UNIV WISC MADISON
Riverside,Menifee,MOUNT SAN JACINTO COLLEGE
San Diego,Chula Vista,SOUTHWESTERN COLLEGE
Alameda,Oakland,MILLS COLLEGE
New York,New York,NEW YORK UNIVERSITY
New York,Buffalo,UNIVERSITY AT BUFFALO (SUNY)
Los Angeles,Los Angeles,UC LOS ANGELES SUMMER SESSION
San Francisco,San Francisco,SAN FRANCISCO STATE UNIVERSITY
Arizona,Mesa,MESA COMMUNITY COLLEGE
Ventura,Camarillo,CSU CHANNEL ISLANDS
Indiana,"",INDIANA
San Diego,San Diego,CALIFORNIA MIRAMAR UNIVERSITY
Arizona,Phoenix,PARADISE VALLEY CMTY COLL CNTR
Florida,Boca Raton,FLORIDA ATLANTIC UNIVERSITY
Florida,Tampa,HILLSBOROUGH CMTY COLLEGE
Riverside,San Jacinto,MOUNT SAN JACINTO COLLEGE
Mendocino,Ukiah,MENDOCINO COLLEGE
Riverside,Blythe,PALO VERDE COLLEGE
Illinois,Chicago,LOYOLA UNIV CHICAGO
Santa Cruz,Aptos,CABRILLO COLLEGE
Massachusetts,Boston,SUFFOLK UNIVERSITY
Nevada,Henderson,COLLEGE OF SOUTHERN NEVADA
San Bernardino,San Bernardino,CSU SAN BERNARDINO SUMMER SESSION
Sonoma,Rohnert Park,SONOMA STATE UNIVERSITY
Vermont,Burlington,UNIV VERMONT
Colorado,"",COLORADO
Nevada,Reno,TRUCKEE MEADOWS C C
Missouri,Kansas City,UNIV MISSOURI KANSAS CITY
Humboldt,Arcata,HUMBOLDT STATE UNIVERSITY
Wisconsin,Milwaukee,MARQUETTE UNIVERSITY
Missouri,Kirkwood,ST LOUIS CMTY COLL MERAMEC
UNITED KINGDOM,N/A,UNITED KINGDOM
Washington,Seattle,UNIVERSITY OF WASHINGTON
Contra Costa,Moraga,SAINT MARY'S COLLEGE
Tulare,Visalia,COLLEGE OF THE SEQUOIAS
Alabama,"",ALABAMA
JAPAN,N/A,SOPHIA UNIVERSITY
Michigan,Grand Rapds,GRAND RAPIDS CMNTY COLLEGE
San Joaquin,Stockton,SAN JOAQUIN DELTA COLLEGE
Los Angeles,Los Angeles,OTIS COLLEGE OF ART & DESIGN
Georgia,Atlanta,GEORGIA INSTITUTE TECHNOLOGY
Washington,Seattle,SEATTLE CENTRAL COLLEGE
Fresno,Fresno,CSU FRESNO
Missouri,St Louis,WASHINGTON UNIVERSITY
Ventura,Ventura,VENTURA COLLEGE
Massachusetts,"",MASSACHUSETTS
San Diego,Oceanside,MIRACOSTA COLLEGE
New York,Selden,SUFFOLK COUNTY CMNTY COLLEGE
ENGLAND,N/A,INSTITUTION IN EUROPE
Montana,Bozeman,MONTANA STATE UNIV BOZEMAN
El Dorado,S Lk Tahoe,LAKE TAHOE COMMUNITY COLLEGE
Merced,Merced,UC MERCED
Washington,Mt Vernon,SKAGIT VALLEY COLLEGE
Indiana,Notre Dame,UNIVERSITY OF NOTRE DAME
San Mateo,San Mateo,COLLEGE OF SAN MATEO
Fresno,Coalinga,WEST HILLS COLLEGE COALINGA
Maryland,Arnold,ANNE ARUNDEL COMMUNITY COLLEGE
Los Angeles,Los Angeles,CSU LOS ANGELES
U.S. Armed Forces – Europe,Apo,UNIV MARYLAND MANNHEIM CAMPUS
San Bernardino,Joshua Tree,COPPER MOUNTAIN COLL
Solano,Fairfield,SOLANO COMMUNITY COLLEGE
Pennsylvania,Univ Pk,PENNSYLVANIA STATE UNIVERSITY
Napa,Angwin,PACIFIC UNION COLLEGE
Washington,Bellingham,WESTERN WASHINGTON UNIVERSITY
Los Angeles,Los Angeles,UC LOS ANGELES HONORS PROG
Minnesota,St Cloud,ST CLOUD STATE UNIVERSITY
Orange,Santa Ana,SANTA ANA COLLEGE
Arizona,Yuma,ARIZONA WESTERN COLLEGE
Los Angeles,Claremont,CLAREMONT MCKENNA COLLEGE
Indiana,Indianaplis,INDIANA UNIV PURDUE UNI INDIAN
Orange,Costa Mesa,VANGUARD UNIV SOUTHERN CALIF
Contra Costa,San Pablo,CONTRA COSTA COLLEGE
Washington,Everett,EVERETT COMMUNITY COLLEGE
San Diego,San Marcos,CSU SAN MARCOS
Missouri,St Louis,ST LOUIS UNIVERSITY MO
Virginia,Charlottsvl,UNIV OF VIRGINIA UNDERGRADUATE
Los Angeles,Northridge,CSU NORTHRIDGE
Alameda,Livermore,LAS POSITAS COLLEGE
Fresno,Fresno,CLOVIS COMMUNITY COLLEGE
Monterey,Salinas,HARTNELL COLLEGE
Maryland,Columbia,HOWARD COMMUNITY COLLEGE
Nevada,Las Vegas,COLLEGE OF SOUTHERN NEVADA
New York,Bronxville,SARAH LAWRENCE COLLEGE
Hawaii,Honolulu,UNIV HAWAII MANOA
San Bernardino,Yucaipa,CRAFTON HILLS COLLEGE
Los Angeles,Long Beach,LONG BEACH CITY COLLEGE
Santa Clara,Gilroy,GAVILAN COLLEGE
Sacramento,Sacramento,AMERICAN RIVER COLLEGE
Los Angeles,Claremont,HARVEY MUDD COLLEGE
Los Angeles,Carson,CSU DOMINGUEZ HILLS
Nebraska,Lincoln,UNIV NEBRASKA LINCOLN
Colorado,Usaf Academ,UNITED STATES AIR FORCE ACAD
Washington,Seattle,SHORELINE CMTY COLLEGE
San Luis Obispo,San Luis Obispo,CAL POLY SAN LUIS OBISPO SUMMER SCH
Virginia,Norfolk,OLD DOMINION UNIVERSITY
Washington,Seattle,SEATTLE PACIFIC UNIVERSITY
Illinois,Carbondale,SOUTHERN ILLINOIS U CARBONDALE
North Carolina,Chapel Hill,UNIV NORTH CAROLINA CHAPEL HL
Los Angeles,Claremont,POMONA COLLEGE
Idaho,Boise,BOISE STATE UNIVERSITY
New York,New York,CUNY HUNTER COLLEGE
Pennsylvania,Reading,ALBRIGHT COLLEGE
Orange,Mission Viejo,SADDLEBACK COLLEGE
Massachusetts,Boston,UNIV MASSACHUSETTS BOSTON
Florida,Coral Gbles,UNIVERSITY OF MIAMI
Pennsylvania,Bethlehem,LEHIGH UNIVERSITY
Washington,Lynnwood,EDMONDS COMMUNITY COLLEGE
New York,New York,BOROUGH MANHATTN C C
Los Angeles,Norwalk,CERRITOS COLLEGE
CANADA,N/A,SIMON FRASER UNIVERSITY
Iowa,Iowa City,UNIVERSITY OF IOWA
Florida,Orlando,VALENCIA COMMUNITY COLLEGE
Illinois,Chicago,COLUMBIA COLLEGE CHICAGO
Washington,Bothell,CASCADIA COLLEGE
Arizona,"",ARIZONA
Texas,El Paso,UNIVERSITY OF TEXAS EL PASO
Orange,Huntington Beach,GOLDEN WEST COLLEGE
Massachusetts,Franklin,DEAN COLLEGE
San Diego,San Diego,POINT LOMA NAZARENE UNIVERSITY
Illinois,Chicago,UNIVERSITY OF CHICAGO
Illinois,Dekalb,NORTHRN ILLINOIS UNIVERSITY
New Jersey,Paramus,BERGEN COMMUNITY COLLEGE
Georgia,Atlanta,GEORGIA STATE UNIVERSITY
Colorado,Alamosa,ADAMS STATE COLLEGE
Santa Barbara,Santa Barbara,WESTMONT COLLEGE
North Carolina,Raleigh,WAKE TECHNICAL COLLEGE
Florida,Ft Laudrdle,BROWARD COLLEGE
Washington,Seattle,NORTH SEATTLE CMTY COLLEGE
Arizona,Phoenix,GRAND CANYON UNIVERSITY
Los Angeles,Los Angeles,MOUNT ST MARYS COLL CHALON
FRANCE,N/A,SCIENCES PO-PARIS INST PO STUD
Placer,Rocklin,SIERRA COLLEGE
Massachusetts,N Dartmouth,UNIV MASS DARTMOUTH
Los Angeles,Burbank,WOODBURY UNIVERSITY
TAIWAN,N/A,TAIWAN
New York,New York,AMERICAN UNIVERSITY CAIRO
Nevada,N Las Vegas,COLLEGE OF SOUTHERN NEVADA
Hawaii,Honolulu,HAWAII PACIFIC UNIVERSITY
Los Angeles,Claremont,PITZER COLLEGE
Massachusetts,Waltham,BRANDEIS UNIVERSITY
New Hampshire,Durham,UNIV NEW HAMPSHIRE DURHAM
Butte,Chico,CSU CHICO
Florida,Miami,MIAMI DADE COLLEGE
Georgia,Atlanta,CLARK ATLANTA UNIVERSITY
San Bernardino,Barstow,BARSTOW COLLEGE
Utah,Orem,UTAH VALLEY UNIVERSITY
Virginia,Hampton,HAMPTON UNIVERSITY
Maryland,Baltimore,UNIV MARYLAND BALTIMORE CNTY
Massachusetts,Medford,TUFTS UNIVERSITY
Maine,Brunswick,BOWDOIN COLLEGE
Nevada,Reno,UNIV NEVADA RENO
Nevada,Reno,TRUCKEE MEADOWS CMTY COLLEGE
Idaho,Rexburg,BRIGHAM YOUNG UNIV
San Luis Obispo,San Luis Obispo,CUESTA COLLEGE
Ventura,Moorpark,MOORPARK COLLEGE
Missouri,Saint Louis,WASHINGTON UNIVERSITY
Santa Clara,Los Altos Hills,FOOTHILL COLLEGE
New Jersey,New Brnswck,RUTGERS UNIVERSITY
Oregon,Mcminnville,LINFIELD COLLEGE
South Carolina,Columbia,UNIV SOUTH CAROLINA COLUMBIA
CANADA,N/A,MCGILL UNIVERSITY
North Carolina,Raleigh,NORTH CAROLINA STATE UNIV
Los Angeles,Snta Monica,SANTA MONICA COLLEGE
Los Angeles,Wilmington,LOS ANGELES HARBOR COLLEGE
Santa Barbara,Santa Maria,ALLAN HANCOCK COLLEGE
New Mexico,Las Cruces,NEW MEXICO STATE U-UNIV PARK
Riverside,Riverside,RIVERSIDE CITY COLLEGE
Santa Clara,Santa Clara,SANTA CLARA UNIVERSITY
Pennsylvania,Villanova,VILLANOVA UNIVERSITY
Alameda,Berkeley,UC BERKELEY SUMMER SESSION
Tennessee,Memphis,UNIVERSITY OF MEMPHIS
Alabama,Maxwell Afb,COMMUNITY C AIR FORCE
Massachusetts,Gr Barrngtn,BARD COLLEGE AT SIMONS ROCK
Illinois,Chicago,UNIV ILLINOIS CHICAGO
Yolo,Davis,UC DAVIS
Los Angeles,Los Angeles,WEST COAST UNIV
Nebraska,Omaha,CREIGHTON UNIVERSITY
Alameda,Berkeley,BERKELEY CITY COLLEGE
New York,Sartoga Spg,SKIDMORE COLLEGE
Los Angeles,Rancho Palos Verdes,MARYMOUNT CALIFORNIA UNIVERSITY
Georgia,Athens,UNIVERSITY OF GEORGIA
Los Angeles,Long Beach,CSU LONG BEACH
Colorado,Denver,UNIVERSITY COLORADO DENVER
Illinois,Des Plaines,OAKTON COMMUNITY COLLEGE
New York,New York,BARNARD COLLEGE
Florida,Tallahassee,FLORIDA STATE UNIVERSITY
Shasta,Redding,SHASTA COLLEGE
CANADA,N/A,UNIV BRITISH COLUMBIA
Tennessee,Knoxville,UNIV TENNESSEE KNOXVILLE
Oregon,Portland,PORTLAND CMTY COLLEGE
Santa Cruz,Santa Cruz,UC SANTA CRUZ
Orange,Irvine,UC IRVINE
North Carolina,Durham,DUKE UNIVERSITY
Ohio,Cleveland,CASE WESTERN RESERVE UNIV
Washington,Pullman,WASHINGTON STATE UNIV
Minnesota,"",MINNESOTA
Sonoma,Rohnert Prk,SONOMA STATE UNIVERSITY
Alaska,Anchorage,UNIV ALASKA ANCHORAGE
Washington,Spokane,SPOKANE FALLS CMTY COLLEGE
Arizona,Flagstaff,NORTHERN ARIZONA UNIVERSITY
Hawaii,Pearl City,LEEWARD CMTY COLLEGE
Santa Clara,San Jose,SAN JOSE STATE UNIVERSITY
San Bernardino,Redlands,UNIVERSITY OF REDLANDS
Contra Costa,Pleasnt Hl,DIABLO VALLEY COLLEGE
Sacramento,Sacramento,CSU SACRAMENTO
Washington,Seattle,SEATTLE UNIVERSITY
Solano,Vallejo,CALIF MARITIME ACADEMY
Arizona,Phoenix,PHOENIX COLLEGE
Los Angeles,Whittier,RIO HONDO COLLEGE
Pennsylvania,Swarthmore,SWARTHMORE COLLEGE
San Diego,La Jolla,NATIONAL UNIVERSITY
Michigan,Kalamazoo,WESTRN MICHIGAN UNIVERSITY
Orange,Fountain Valley,COASTLINE COMMUNITY COLLEGE
Illinois,Chicago,DEPAUL UNIVERSITY
Orange,Irvine,UC IRVINE SUMMER SESSION
Missouri,"",MISSOURI
Los Angeles,Pasadena,CALIF INSTITUTE TECH
San Bernardino,Joshua Tree,COPPER MOUNTAIN COLLEGE
Georgia,Atlanta,EMORY UNIVERSITY
Colorado,Denver,UNIV DENVER
Colorado,Durango,FT LEWIS COLLEGE
New York,Ithaca,CORNELL UNIVERSITY
Missouri,Nevada,COTTEY COLLEGE
Nevada,North Las Vegas,COLLEGE OF SOUTHERN NEVADA
Arkansas,Fayettevill,UNIV ARKANSAS FAYETTEVILLE
Oregon,Salem,CHEMEKETA CMTY COLLEGE
